"Have error when save date","日付を保存するとエラーが発生する"
"Registering address information","お届け先情報の登録"
"Last name is a required field.","お届け先名（姓）は必ず入力してください。"
"First name is a required field.","お届け先名（名）は必ず入力してください。"
"Last name katakana is a required field.","お届け先名カナ（姓）は必ず入力してください。"
"First name katakana is a required field.","お届け先名カナ（名）は必ず入力してください。"
"Postal code is a required field.","郵便番号は必ず入力してください。"
"Prefectures is a required field.","都道府県は必ず入力してください。"
"Please enter with double-byte last name character.","お届け先名（姓）は必ず入力してください。"
"Please enter with double-byte first name character.","お届け先名（名）は必ず入力してください。"
"Please enter with double-byte last kanatana name character.","お届け先名カナ（姓）は必ず入力してください。"
"Please enter with double-byte first kanatana name character.","お届け先名カナ（名）は必ず入力してください。"
"waiting_for_shipment","出荷準備中です"
"editable","お届け内容変更可能です"
"for_reference","お届け内容変更不可です"
"Manage point settings","ポイント設定を管理する"
"Change of registration information","お届け先情報の変更"
"Edit address","お届け先情報の変更"
"Choose from the registered destinations","お届け先を選ぶ"
"Registering a new destination","新しいお届け先を登録"
"Change of delivery times","お届け回の変更"
"Please check because there are two on how to change.","変更方法には2通りございますのでご確認ください。"
"[Example] person of one month course, if you want to change the 'delivered on August 15' to 'deliver on August 30'","【例】1か月コースの方が、「8月15日にお届け」を「8月30日にお届け」に変更する場合"
"Applying the above changes","上記の変更内容を適用する"
"Proceed to the next","次へ進む"
"The following items can be added to the above address.","上記お届け先に、以下の商品を追加できます。"
"To add","追加する"
"Shipment Fee and Shipment Type","送料 and Shipment type"
"Total Payable Amount","お支払い予定金額（税込）"
"Shipment Fee","送料"
"Modification Option","変更の適用"
"next delivery and all future delivery then","このお届け回以降も同様に変更します。"
"Only update changed information into Next Subscription Delivery","このお届け回のみ変更します。"
"Name of Product","商品名称"
"Name of Method","お支払方法"
"Product Type","種別"
"When you choose Yes, the product will add to sub profile and re-load the page so you will lose all changes. Do you want to continue?","さて、すみません、申し訳ありませんが、申し訳ありません。 申し訳ありませんが、申し訳ありません。 。 あなたはどのようにこれに慣れていますか？"
"Subscription Course Change","【定期お届け便】注文内容確認"
"Go Next","次に進む"
"Select Frequency","お届け間隔"
"「※」is a mandatory input","「※」は必須入力項目です。"
"Change Frequency of subscription order delivery","お届け間隔を変更してください"
"Change Frequency","定期便頻度を変更する"
"Please check the contents of registration and click Update.","以下でよろしければ「更新する」をクリックしてください。"
"Save Changes","更新する"
"Skip next delivery","定期便お休みの確認"
"Choose Address","お届け先の設定"
"Ok","設定する"
"Branch","ブランド"
"Add items outside the course","コース外の商品を追加する"
"Regular bundled shipping item search","定期お届け便　商品検索"
"What are you looking for? (Product name, model number)","何をお探しですか？（商品名、型番）"
"Add product to subscription confirmation","次回のお届けに追加する"
"Subscription Course Name","お届けコース"
"Products already in Subscription Course","既に予定している商品"
"Products added","追加した商品"
"Paid Services","有料サービス合計"
"Apply Changes","変更内容の適用"
"In above subscription order, the products with type (SPOT (コース外)) is added only for next delivery. These products are not delivered after next delivery.","※上記商品で、種別が「コース外」となっている商品は、このお届け回以外には配送されません。"
"Spot tag","コース外"
"week","週間に一回"
"month","ヶ月に1回"
"Pay at Convenient Store","コンビニでのお支払い"
"Credit Card With Paygent","クレジットカード支払い"
"Cash On Delivery","代金引換払い"
"Invoiced Based Payment","請求書支払"
"%s %s th delivery order confirm","%s定期お届け便の次回のお届け内容の確認"
"Subscription Name","お届けコース"
"All %s times","/全 %s 回"
"Only Case","ケース"
"Only Piece","個"
"Gift Wrapping Fee","ギフトラッピング料"
"Total Amount Product","商品小計（税込）"
"Shipping Fee","送料（税込）"
"Payment Fee","お支払手数料（税込）"
"Point Used","ポイント使用分"
"Total Payment Fee","お支払合計金額（税込）"
"Tentative Point Earned","本注文での獲得予定ポイント"
"Points","ポイント数"
"Edit / confirm the contents of subscription","定期便のお届け内容の確認・変更"
"%s delivery number %s delivery information of the times","%s %s回目のお届け情報"
"Sun","日"
"Mon","月"
"Tue","火"
"Wed","水"
"Thu","木"
"Fri","金"
"Sat","土"
"Subscription course %s th delivery order confirm","ラク楽お届け便 %s回目のお届け情報の確認"
"Subscription Course Name","お届けコース"
"Delivery schedule of distribution","頒布会のお届け予定"
"Promulgation name","頒布会名"
"Next payment schedule amount (tax included)","次回お支払い予定金額（税込）"
"Next scheduled delivery date and time","次回お届け予定日時"
"Delivery schedule date and time one after another","次々回お届け予定日時"
"Delivery schedule after the next and later schedule","次々回以降お届け予定日時"
"Confirm delivery schedule information","お届け予定情報を確認する"
"Delivery schedule information","お届け予定情報"
"Delivery schedule items","お届け予定商品"
"Times","回数"
"A second visit","回目"
"Delivery day","お届け予定日"
"Sales price (tax included)","販売価格（税込）"
"shopping cart cannot contain SPOT and subscription at the same time","「通常販売商品」、「頒布会商品」、「定期便商品」、「予約販売商品」は、それぞれ同時にお買い物いただけませんので、お手数ですが、別々にご注文ください。"
"Only one subscription allowed in the shopping cart","「通常販売商品」、「頒布会商品」、「定期便商品」、「予約販売商品」は、それぞれ同時にお買い物いただけませんので、お手数ですが、別々にご注文ください。"
"No delivery","配達なし"
"Company department name","会社部署名"
"Person in charge","担当者名"
"None","なし"
"Hanpukai discount","頒布会値引き"
"For products delivered, <a href=""%1"">please check</a> the order history.","出荷手配済み及びお届け済の商品に関しては、<a href=""%1"">注文履歴</a>をご確認ください。"
"Regarding the delivery times of the following ""Delivery flights"", ""Change the order contents"", ""Change the delivery interval"", ""Sleep the next delivery"", ""Add items outside the course "" I can.","以下の定期お届け便のお届け回について、「お届け予定日時の変更」、「お届け商品の変更」、「お届け先の変更」、「お支払方法の変更」、「お届け間隔の変更」、「次回のお届けのお休み」、「コース外商品の追加」ができます。<br/>※次回のお届け分が既に「出荷準備中」の場合は、お届け情報をご変更いただけません。<br/>※「お届け間隔を変更する」は次々回のお届け予定日時から適用されます。次回定期お届け便の日時をご変更される場合は、「注文内容を変更する」からお届け予定日時をご変更ください。<br/>※サービス料に関しては、「お届け予定日時」は「決済予定日」となります。"
"Course name","定期お届け便名"
"Frequency profile","お届け間隔"
"Next delivery amount","次回お支払い予定金額（税込）"
"Next delivery #N date","次回お届け予定日時"
"Delivery #N+1 date","次々回お届け予定日時"
"Delivery #N+2 date","次々回以降お届け予定日時"
"Edit subscription profile","注文内容を変更する"
"Change Frequency","お届け間隔を変更する"
"Skip Next Delivery","次回のお届けをお休みする"
"Manage Point Link","ポイント設定を管理"
"Delivery schedule of regular flights","【定期お届け便】のお届け予定"
"CoolNormalDm type","クール便(冷蔵)／メール便／宅配便"
"direct_mail type","メール便"
"normal type","宅配便"
"Normal type","宅配便"
"cool delivery","クール便(冷蔵)"
"Cool delivery","クール便(冷蔵)"
"cold delivery","別送冷蔵専用"
"Cold delivery","別送冷蔵専用"
"cosmetic delivery","別送化粧品専用"
"Cosmetic delivery","別送化粧品専用"
"chilled delivery","別送冷凍専用"
"Chilled delivery","別送冷凍専用"
"Cool Post delivery","クール便(冷蔵)"
"Normal delivery","宅配便"
"normal delivery","宅配便"
"DM delivery","メール便"
"The spot products (type: コース外) will be delivered only for next delivery.","※上記商品で、種別が「コース外」となっている商品は、このお届け回以外には配送されません。"
"Skip To","まで"
"Absence for a certain period of time","一定期間<br/>お休み可能"
"Seasonal Limited","季節限定"
"already exists in profile please go to edit profile to edit","はすでにご指定の定期便に含まれております。数量の変更は、マイページの定期便注文内容の変更画面にて変更していただきますようお願いいたします。"
"Changing payment method","お支払い方法を変更する"
"Payment method edit","頒布会お支払い方法変更"
"Payment method edit confirm","頒布会注文内容確認"
"free","無料"
"This product can only be purchased by customers who applied for a specific program.","この商品は特定のプログラムにお申込みいただいたお客様のみご購入いただけます。"
"I'm sorry. We were unable to accept changes. Sorry to trouble you, please try again or contact Nestlé Mail Order Call Center (0120-600-868).","申し訳ございません。変更を承ることができませんでした。お手数ですが、もう一度お試しいただくか、ネスレ通販コールセンター（0120-600-868）へお問い合わせください。"
"%s records found","%s 件見つかりました"
"・Approve (by call center SV)","・コールセンターSVによる承認"
"・Approve（by CS)","・カスタマーサービスによる承認"
"・Reject (by call center OP)","・コールセンターOPによる否認"
"・Reject （by CS)","・カスタマーサービスによる否認"
"・Reject(by call center SV)","・コールセンターSVによる否認"
"・Save and send for approval (by call center OP)","・コールセンターOPによる承認"
"13 out of 13 visible","表示選択メニュー"
"%s 2 records found","検索結果　%s 件"
"Actions","操作"
"All Customers","すべての顧客"
"Apply Firters","入力した条件で検索"
"Automatically calculated Shipping Fee","送料自動計算"
"Business User","""登録/更新ユーザ"""
"Cancel","キャンセル"
"Categories enquiry","カテゴリ"
"Clear All","すべての検索条件を解除"
"Create/Edit Customer","顧客プロファイルページへ"
"Customer ConsumerDb ID","DB顧客ID（EC）"
"Customer Summary","顧客情報"
"Deselect All","すべてをチェックをはずす"
"Deselect All on This Page","このページのすべてを選択をはずす"
"Export","エクスポート"
"Filters","検索"
"Final Returned shipping fee","最終返品送料"
"Final Returnedpayment fee","最終返品支払手数料"
"Full","全部返品"
"Goode amount (including wrapping fee)","返品金額（包装・のし代含む）"
"Hold","保留"
"Items","返品"
"Manage Shosha","商社管理"
"Never (Offline)","無（オフライン顧客）"
"Normal Delivery","宅配便"
"Normal order","通常注文"
"Notifications","メンテナンス通知"
"Now Online","今オンラインのお客様"
"of %s  ","%s件中"
"Partial","部分返品"
"Payment fee adjustment","返品支払手数料調整"
"per page ","件表示（表示件数）"
"Point Balance","保有ポイント"
"Points not  retractable","キャンセル不可ポイント"
"Points retractable","キャンセル可能ポイント"
"Points to cancel","キャンセルポイント"
"Points to cancel: Earned points","キャンセルすべきポイント"
"Points to return","返品使用ポイント"
"Refund allowed ","返金可否"
"Refund Amount: Adj","返品額調整"
"Refund Wrapping","返品包装・のし代"
"Refund Wrapping: Adj","返品包装・のし代調整"
"Refund Wrapping: Final","最終返品包装・のし代"
"Remain of not retractable points","返品調整ポイント"
"Reset","リセット"
"Return method","返金方法"
"Return shipping fee","返品送料"
"Return Summary","返品情報"
"Returned payment fee","返品支払手数料"
"Returned Warehouse","返品受付倉庫"
"Save","保存"
"Search Customer ConsumerDB","顧客検索（顧客DB）"
"Select All","すべてをチェック"
"Select All on This Page ","このページのすべてを選択"
"ship to multiple address","複数配送先"
"Shipping fee Adjustments","返品送料調整"
"Substitution order","代品出荷番号"
"Surcharge","代引手数料"
"Total before point adjustment","ポイント調整前返品金額"
"update export date order Item","出荷日更新しました"
"we couldn't find any records","登録なし"
"[Warehouse (hidden), code : ASKUL]","在庫数"
"[Warehouse (hidden), code : TOYO]","在庫数"
"1 month","1か月"
"1 week","1週間"
"2 month","2か月"
"2 week","2週間"
"3 month","3か月"
"3 week","3週間"
"4 month","4か月"
"Action","操作"
"Active","有効"
"Active filters:","検索リスト:"
"Add Gift Wrapping","ギフトラップイング追加"
"Add New Option","オプション追加"
"Add New Prize ","新規登録"
"Add new Question","質問を追加"
"Add New Return Item
Requested","返品受付伝票明細を追加
申請中
"
"Add New Template","新規テンプレート登録"
"Add Price","設定を追加"
"Add Product by SKU","SKUコード指定で商品追加"
"Add Reward Points","付与ポイント（値、％）"
"Add video","新規動画登録"
"Adjust final price to discount value","販売価格を直接指定（税抜価格）"
"Adjust final price to this percentage","販売価格（％）を直接指定（税抜価格）"
"Advanced Inventory","在庫詳細"
"Advanced Pricing","価格詳細設定"
"ADVANCED SETTING - Advanced Inventory","詳細設定 - 在庫詳細"
"ADVANCED SETTING - Advanced Pricing","詳細設定 - 価格詳細"
"ADVANCED SETTING - Autosettings","詳細設定 - 自動設定"
"ADVANCED SETTING - Cross-sells","詳細設定 - クロスセル商品"
"ADVANCED SETTING - Custom Options","詳細設定 - カスタムオプション"
"ADVANCED SETTING - Design","詳細設定 - デザイン"
"ADVANCED SETTING - Related Products","詳細設定 - 関連商品"
"ADVANCED SETTING - Up-sells","詳細設定 - アップセル商品"
"Aichi","愛知県"
"Akita","秋田県"
"Alegria Members","アレグリア"
"Alegria Site[JPY]","アレグリア"
"Algeria Site","アレグリア"
"Algeria Site - Algeria Store - Algeria View","アレグリア"
"All","すべて"
"All Deliveries","全ての配送"
"ALL Groups ","すべて"
"All SKUs below","指定SKUすべてを添付"
"All Websites[JPY]","すべて"
"Allow Qty below 0","バックオーダーあり"
"Allow seasonal skip","一定期間お休み可能"
"Allow skip from","スキップ可能期間From"
"Allow skip to","スキップ可能期間To"
"Allow Spot Order","単品購入可否"
"Allow Spot Subscription","単品商品の定期便追加可否"
"Alphabetical","数字"
"Alphanumeric","英数字"
"Alt Text","代替テキスト（画像表示エラー時）"
"Amb company phone number","アンバサダー会社電話番号"
"AMB Sales","アンバサダー売上（更新不要）"
"Ambassador Members","アンバサダー"
"Aomori","青森県"
"Applicable","適用する"
"Applies to All of the Specified Customer Segments","全ての顧客セグメントに適用"
"Apply","プロモーション内容"
"Apply as fixed amount","値引額（税抜）を指定"
"Apply as percentage of original","値引率（%）を指定"
"Apply only to frequency","適用お届け間隔"
"Apply only to subscription","定期便・頒布会選択"
"Apply the rule only if the following conditions are met (leave blank for all products).","下記の条件に当てはまった場合のみプロモーションを適用する(条件を指定しない場合は、カート内のすべての商品にプロモーションを適用)"
"Apply the rule only to cart items matching the following conditions (leave blank for all items).","プロモーションを適用する対象のカート内商品を設定する（条件を指定しない場合は、全ての商品にプロモーションを適用することとなる）"
"Apply to Shipping Amount","送料までプロモーションを適用する可否"
"Apply to the Selected Customer Segments","選択された顧客セグメントに適用"
"Approval needed","承認"
"Approve","最終承認"
"Approved by CC:","一次承認"
"ASKUL","BIZEX在庫有無"
"Assign","カテゴリーに追加"
"Assigned to Website","適用サイト"
"Auto","クーポンコード自動生成（利用しない）"
"Auto add promo items for every $X spent","無償添付（購入金額単位）"
"Auto add promo items for the whole cart","無償添付（受注単位）"
"Auto add promo items with products","無償添付（商品単位）"
"Auto add the same product","無償添付（同一商品）"
"Availability for Subscription Order by item","定期便申込可否"
"Available Product Listing Sort By","利用可能商品リスト順序"
"Back Expire Date","バックオーダー受注終了日"
"Back Order Limit","バックオーダー上限数"
"Base Image","ベースイメージ"
"Base Unsecure URL","ベースアンセキュアURL"
"Basic","基本情報"
"Basic Selling Price","基本販売価格"
"BASIC SETTINGS - Basic","基本設定 - 基本情報"
"BASIC SETTINGS - Booking","基本設定 - 会計情報"
"BASIC SETTINGS - Images and Videos","基本設定 - イメージ画像"
"BASIC SETTINGS - Information","基本設定 - 商品詳細"
"BASIC SETTINGS - Price","基本設定 - 価格情報"
"BASIC SETTINGS - Product Details","基本設定 - 商品詳細"
"BASIC SETTINGS - Search Engine Optimization","基本設定 - SEO"
"BASIC SETTINGS - Websites","基本設定 - 販売サイト"
"BH2 SAP","BH2"
"BLC","ボトルコーヒーサーバー"
"Block Orders","注文をブロックする"
"Booking","会計情報"
"Buy X get Y free(discount amounts is Y)","X個を買うと、Y個無料"
"by call","電話"
"by email","メール"
"by postcard","ハガキ"
"CART PRICE RULE - Actions","Cart Price Rule - アクション"
"CART PRICE RULE - Conditions","Cart Price Rule - コンディション"
"CART PRICE RULE - Labels","Cart Price Rule - ラベル"
"CART PRICE RULE - Manage Coupon Codes","Cart Price Rule - クーポンコード管理"
"CART PRICE RULE - Rule Information","Cart Price Rule - ルール情報"
"CATALOG PRICE RULE - Actions","Catalog Price Rule - アクション"
"CATALOG PRICE RULE - Conditions","Catalog Price Rule - コンディション"
"CATALOG PRICE RULE - Rule Information","Catalog Price Rule - プロモーション情報"
"Categories","カテゴリー"
"Category Name","カテゴリー名"
"Category Products","カテゴリー商品"
"CC feedback - Rejected","ＳＶ却下"
"Chiba","千葉県"
"Chirashi","チラシフラグ"
"Chocolatory Members","ショコラトリー"
"CIS Members","CIS"
"CIS Site","CIS"
"CIS Site - CIS Store - CIS View","CIS"
"CIS Site[JPY]","CIS"
"Classification for Cash on Deliver Fee or not","代引き手数料無料"
"Classification for product to Add Filter parts","スペシャルTフィルター同梱計算対象"
"Click here or drag and drop to add images.","クリックまたはドラッグ＆ドロップで画像を追加"
"Close","取り消し"
"Club member","クラブメンバー"
"CNC Members","CNC"
"CNC Site","CNC"
"CNC Site - CNC Store - CNC View","CNC"
"CNC Site[JPY]","CNC"
"Code Format","クーポンコードのフォーマット"
"Code Length","クーポンコードの長さ"
"Code Prefix","クーポンコードのプレフィックス"
"Code Suffix","クーポンコードのサフィックス"
"Cold","冷蔵専用便 "
"Comma seperated list of the SKUs","カンマ区切りで複数SKUコードを指定"
"Communications - Email Templates","コミュニケーション - メールテンプレート"
"Company address 1","会社住所1（漢字）"
"Company address 1 - Kana","会社住所1（半角カナ）"
"Company address 2","会社住所2（漢字）"
"Company address 2 - Kana","会社住所2（半角カナ）"
"Company name ","法人名（半角カナ）"
"Company zipcode ","法人郵便番号"
"Completed: ","最終承認"
"Conditions (don't add conditions if rule is applied to all products)","条件設定（設定しない場合は、すべての商品にプロモーションが適用される）"
"Confirm","はい"
"Consumer ID","顧客ConsumerDB ID"
"Content","回答選択肢"
"Converstion Number (Number of EACH in SAP)","ケース入数（SAP）"
"Cool","クール便（冷蔵）"
"Cosmetic","化粧品専用便"
"Coupon","クーポン生成方法"
"Coupon Qty","生成するクーポンコード数量"
"COURSE INFORMATION - Categories","コース情報 - カテゴリー"
"COURSE INFORMATION - Machines","コース情報 - マシン"
"COURSE INFORMATION - Website Restriction","コース情報 - 販売サイト制限"
"Create Category","カテゴリーの登録"
"Created","作成済"
"Credit Card Only","クレジットカード払い限定"
"Cross-Sells","クロスセル"
"CS (Case)","CS"
"customer","顧客名"
"Customer Group Price","ボリュームディスカウント"
"Customer group selection","利用可能顧客グループ"
"Customer ID","顧客ConsumerDB ID"
"Customer Memberships","メンバーシップ"
"Customer Segments","対象顧客セグメント"
"CUSTOMERS","顧客管理"
"Dash Every X Characters","字数毎の""-""付け"
"Data Transfer - Import","Data Transfer - インポート"
"Date of Birth","生年月日"
"Default Product Listing Sort By","デフォルトの商品リスト順序"
"Default Rule Label for All Store Views","ルールラベル（全サイト）"
"Default view","初期設定/お気に入り設定"
"Delete","削除する"
"Delivery N","配送回「N」の設定"
"Department name ","法人部署名（半角カナ）"
"Description","概要"
"Description Campaign","キャンペーン説明"
"Dimention / Depth(cm) per each","奥行き"
"Dimention / Wide(cm) per Each","幅"
"Disabled","無効"
"Discard subsequent rules","他のプロモーションを無効化にする"
"Discount","値引"
"Discount %","値引き率 (0-100)"
"Discount Amount","値引率・額"
"Discount Qty Step (Buy X)","まとめ買いプロモーション購入単位"
"Display order","表示順序"
"Display Settings","表示設定"
"Done","同梱済"
"Done by Manual","マニュアル別送済"
"Drop Down","ドロップダウン"
"Dynamic","Dynamic"
"EA (Each)","EA"
"EC Site","EC"
"EC Site - EC Store - EC View","EC"
"EC Site[JPY]","EC"
"Effective Date of GPS application (From)","変更予定日（GPS）"
"Ehime","愛媛県"
"Email Returns Confirmation
","顧客にメールを送信（使用不可）
"
"Employee Members","社販"
"Employee Site","社販"
"Employee Site - Employee Store - Employee View","社販"
"Employee Site[JPY]","社販"
"Enabled","有効"
"Enter SKUs below, one per line","1行ごとにSKUコードを入力してください"
"Error (not    purchased through applicable    subscription)","マシン同梱エラー（対象外定期便購入）"
"Error (not   applicable product purchased)","マシン同梱エラー（対象商品未購入）"
"Error (OOS)  ","マシン同梱エラー（在庫切れ）"
"Every N delivery","N回ごとの配送"
"Excluding prefix, suffix and separators.","プレフィックス・サフィックス・セパレータは含まれない"
"Fax","Fax"
"Final points to return","最終返品使用ポイント"
"Final return/ Refund amount","最終返品金額"
"First cod","一次店コード"
"Fixed","Fixed"
"Fixed amount discount","値引額指定（税込価格）"
"Fixed amount discount for whole cart","カート全体に対して値引額指定（税込価格）"
"Fixed reward point","ポイント（固定値）付与"
"Food","食品関連商品"
"For Matching Items Only","選択した定期便を送料無料にする"
"Free","レンタル"
"Free delivery WBS code","WBSコード（送料無料）"
"Free of charge - free samples","無償出荷 - サンプル"
"Free of charge-replacement","無償出荷 - 代品出荷"
"Free or Discount","マシン付与方法"
"Free payment","代引き手数料無料（SV承認後出荷指示）"
"Free payment fee","代引き手数料無料"
"Free payment fee WBS code","WBSコード（手数料無料）"
"Free Text","テキスト"
"Friend Ambassador Members","フレンドアンバサダー"
"From","開始日"
"From Hour","適用開始時間"
"From Time","開始時刻"
"Fukui","福井県"
"Fukuoka","福岡県"
"Fukushima","福島県"
"Fulfillment Date","入荷予定日"
"Future Basic Selling Price (excl. Consumption Tax)","変更予定販売価格"
"Future Basic Selling Price (excl. Consumption Tax) effective date & time","変更予定日"
"Future Effective Date of GPS","変更予定GPS価格"
"General Contact Email","代表連絡先メールアドレス"
"General Contact Name","代表連絡先名"
"General Information","基本設定"
"General Rule Information","ルール情報"
"Get video information","動画情報取得"
"Gift Wrapping","選択可能包装・のし"
"Gift Wrapping Information","ギフトラッピング情報"
"Gifu","岐阜県"
"Global adjustment","返品金額調整"
"GPS price for EA","GPS価格（EA)"
"Gunma","群馬県"
"Hide from Product Page","商品ページに表示しない"
"Hiroshima","広島県"
"Hokkaido","北海道"
"Hyogo","兵庫県"
"Ibaraki","茨城県"
"ID","倉庫ID"
"If ALL  of these conditions are TRUE","　"
"If ANY  of these conditions are FALSE","　"
"If you select and save the rule you will be able to generate multiple coupon codes.","クーポンコードの一括生成を選択した上で保存する場合は複数のクーポンコードを生成することができます"
"Images and Videos","商品画像"
"Important: If you select """"Use Auto Generation"""", this rule will no longer be used in any automated email reminder rules for abandoned carts","重要： 「クーポンコード一括生成」を選択した場合は、このCart Price Ruleはリマインダメールルール設定で使用できなくなります"
"In collection","未回収"
"In rental","貸出中"
"Inactive","無効"
"Information","商品情報（商品詳細ページ表示用）"
"Input Type","回答形式"
"Insert Variable","変数追加"
"Inventory - Catalog","在庫 - 商品管理"
"Inventory - Categories","在庫 - カテゴリー"
"Inventory - Stock status management","在庫 - 商品在庫状況表示管理"
"Inventory - Stocks","在庫 - 在庫管理"
"Invoice and Ship","請求書と出荷"
"Invoice Members","請求書"
"Is Active","ステータス"
"Is Childeren Choice","詳細選択肢"
"Ishikawa","石川県"
"Item name","SKUまたは商品名"
"Item Price","単価"
"Items to Ship","出荷のアイテム"
"Iwate","岩手県"
"Kagawa","香川県"
"Kagoshima","鹿児島県"
"Kanagawa","神奈川県"
"Kitkat Members","キットカット"
"Kochi","高知県"
"Kumamoto","熊本県"
"Kyoto","京都府"
"Load default template","デフォルトテンプレート取込"
"Load Template","テンプレート取込"
"Machine Customer Form","顧客マシン保有情報"
"MACHINE CUSTOMER INFORMATION - Information","新規マシン保有顧客登録"
"Machine SKUs Form","アンバサダーマシン同送優先順位"
"MACHINE SKUs INFORMATION - Information","アンバサダーマシン同送優先順位情報"
"Machine type code","マシンタイプ"
"MARKETING","マーケティング"
"Master reference (Variant parent product)","マシンバリアントグループ"
"Material Type","製品種別"
"Maximum 255 chars","最大255文字まで入力可能"
"Maximum number of products this rule can apply to (up to 20).","最大20まで入力可能"
"Maximum Qty Allowed in Shopping Cart","最大購入数"
"Maximum Qty Discount is Applied To","プロモーション適用上限数量"
"Meta Description","表示概要"
"Meta Keywords","キーワード"
"Meta Title","表示タイトル"
"Mie","三重県"
"Milano Members","ミラノ"
"Milano Site","ミラノ"
"Milano Site - Milano Store - Milano View","ミラノ"
"Milano Site[JPY]","ミラノ"
"Minimum Qty Allowed in Shopping Cart","最低購入数"
"Miyagi","宮城県"
"Miyazaki","宮崎県"
"Move low stock to top","在庫が少ない商品を最上部に表示"
"Move out of stock to bottom","在庫切れ商品を最下部に表示"
"Multiple products","複数商品設定可否"
"Nagano","長野県"
"Nagasaki","長崎県"
"Name","氏名"
"Name of person in charge ","担当者名"
"Name of person in charge - kana ","担当者名（半角カナ）"
"Name of person in charge-Kana","担当者名（カナ）"
"Name: A-Z","名前：A-Z"
"Name: Z-A","名前：Z-A"
"Nara","奈良県"
"NBA","ネスカフェ　バリスタ"
"NDG","ネスカフェ　ドルチェ　グスト    "
"Nespresso","ネスプレッソ"
"New Category","新規カテゴリー登録"
"New Product","新規商品登録"
"New Video","新規動画登録"
"Newest products first","新しい商品を最初に表示"
"Niigata","新潟県"
"No","なし"
"No backorders","バックオーダーなし"
"No Coupon","なし"
"No. of return items","返品数"
"None","なし"
"Normal","マークなし宅配便 "
"Normal EC","通常EC会員 "
"NOT LOGGED IN","未ログイン"
"Number of Adding Filter parts","フィルター同梱計算カウント数"
"Numeric","英字"
"Off Line Members","オフライン会員"
"Oita","大分県"
"Okayama","岡山県"
"Okinawa","沖縄県"
"On Line Members","オンライン会員"
"On N delivery","N回目の配送"
"One of the SKUs below","指定SKU中から一つを添付"
"Only Case","CS"
"Only Piece","EA"
"Operations Extended - Serial Codes","その他 - シリアルコード管理 "
"Order","表示番号"
"Order & Account Information","一般情報"
"Osaka","大阪府"
"Other Settings - Gift Wrapping","その他設定 - ギフトラッピング"
"Other Settings - Import Gift Wrapping CSV","その他設定 - ギフトラッピングCSV取込"
"Out-Stock Message","在庫切れメッセージ"
"Parent Category","親カテゴリー"
"Payment","支払手数料"
"Penalty fee","解約料"
"Percent reward point","ポイント（％）付与"
"Perecnt of product price discount","値引率(%)指定（対税込価格）"
"PH (x digits) (need for Invoice pepartion for Invoiced customer)","PHコード"
"Ph Code","対象PHコード"
"Ph1 Description","PH1"
"Ph2 Description","PH2"
"Ph3 Description","PH3"
"Ph4 Description","PH4"
"Ph5 Description","PH5"
"Phone Number","電話番号"
"Piece and Case","EAまたはCS（使用しない）"
"Piece Case display","販売単位"
"Please save this information to specify segmentation conditions.","セグメンテーション条件を適用する対象顧客範囲を選択してください"
"Please Select","選択してください"
"--Please Select--","選択してくさだい"
"Point expiration period (in days)","ポイントの有効期間（単位：日数）"
"Points to cancel: Adjustment","キャンセルポイント調整"
"Points to cancel: Final points to cancel","最終キャンセルポイント"
"Points to cancel: Points to cancel","キャンセルポイント"
"Points to return Adjustment","返品使用ポイント調整"
"Points to return before adjustment","調整前返品使用ポイント"
"Position","表示優先順位"
"Postal code","郵便番号(半角数字)"
"Pre-Order","予約商品"
"Price: High to low","価格の高い順"
"Price: Low to high","価格の低い順"
"Pricing Structure Rules","プロモーション内容設定"
"Priority","適用優先順位"
"Prize Form","直近同梱情報"
"Product Description for Invoiced Customer","商品名（請求書支払顧客向けー半角カナ25文字以内）"
"Product Description: Allergen(Mandatory)","アレルゲン情報(必須)"
"Product Description: Allergen(Recommendation)","アレルゲン情報(任意)"
"Product Description: Content","内容量"
"Product Description: EC supplemental info","補足情報"
"Product Description: Explanation","商品説明"
"Product Description: Ingrediencts","原材料"
"Product Description: Nutrition Compass","栄養成分"
"Product Details","商品詳細"
"Product in Websites","販売サイト設定"
"Product Match Conditions (leave blank for matching all products)","一致商品条件（条件を指定しない場合、すべての商品が対象となる）"
"Product Result Conditions (leave blank for matching all products)","表示商品条件（条件を指定しない場合、すべての商品が表示される）"
"PRODUCT RULE INFORMATION - Products to Display","関連商品ルール情報 - 表示商品"
"PRODUCT RULE INFORMATION - Products to Match","関連商品ルール情報 - ルール適用条件"
"PRODUCT RULE INFORMATION - Rule Information","関連商品ルール情報　- ルール情報"
"Profit Center. (For Sales)","プロフィットセンター（売上計上）"
"Promo item / Free gift WBS code","WBSコード（プロモーション商品無償添付）"
"Promo Items","無償添付商品のSKUコード"
"Promotions - Cart Price Rules","プロモーション - カートプロモーション"
"Promotions - Catalog Free Shipping","プロモーション - 送料無料テーブル"
"Promotions - Catalog Price Rule","プロモーション - カタログプライスルール"
"Public In RSS Feed","RSSフィード要否"
"Qty to Ship","出荷の数量"
"Quantity","購入数量"
"Question Title","質問内容"
"QUESTIONAIRE INFORMATION - Questions","アンケート情報 - 質問"
"Questions Options","アンケート作成"
"Radio","ラジオボタン"
"Refund Amount: Final","最終返品額"
"Region/State","都道府県"
"Registered Customers","ネスレ会員のみ"
"Reject","ＣＳ却下"
"Reject and send back to CC op","ＳＶ却下"
"Reject and send back to warehouse","CC却下"
"Rejected by CC","CC却下"
"Related Products","関連商品"
"Remove","カテゴリーから削除"
"Requested","同梱出荷待ち"
"Requested:","数量"
"Result Limit","最大表示商品数"
"Return Items","返品数"
"Reviewed by CC","ＣＣ承認"
"Reward Point Type","ショッピングポイント付与種別"
"Role","画像ロール"
"Rule Information","新規ルール登録"
"Rule Name","ルール名称"
"Saga","佐賀県"
"Saitama","埼玉県"
"SALES","販売管理"
"Sales Representative Contact Name","営業担当者連絡先名"
"SAP Condition Type","SAPコンディションタイプ"
"SAP interface excluded","SAP売上連携"
"Satellite Ambassador Members","サテライトアンバサダー"
"Satellite Members","サテライト"
"Save and Close","保存して閉じる"
"Save and send for approval","ＣＣ承認"
"SC feedback - Rejected: ","ＣＳ却下"
"Search All Products","商品検索"
"Search Customer ID","顧客検索"
"Search Engine Optimization","SEO設定"
"Search Product SKU","商品SKUコードを検索"
"Seasonal skip optional","顧客選択可能＝はい、強制お休み対象＝いいえ"
"Second code","二次店コード"
"SEGMENT INFORMATION - General Properties","セグメント情報 - 基本情報"
"Segments","顧客セグメント"
"Send on night","夜間メール送信"
"Seperately","個別"
"Shiga","滋賀県"
"Shimane","島根県"
"Ship","出荷"
"Ship Bundle Items","バンドル商品の出荷指示"
"Ship From","出荷から"
"Ship Lead Time deleted","出荷のリードタイムは削除します"
"Ship Lead Time does not exist","出荷のリードタイムは存在しません"
"Ship to Multiple Addresses","複数のアドレスに出荷"
"Shipment number","出荷番号（代金引換の受取拒否時）"
"Ship-out date","出荷日"
"Shipping","配送手数料"
"Shipping couriers common buffer (days)","共通バッファ（日）"
"Shipping fee","配送料"
"Shizuoka","静岡県"
"Shopping Point %","ポイント付与率（％）"
"Shopping point WBS","WBSコード（ショッピングポイント）"
"Short Description","検索表示用商品詳細（40文字）"
"Short Message","残りわずかメッセージ"
"Shosha business code","取引先コード"
"SKU: Ascending","SKU：上順"
"SKU: Descending","SKU：下順"
"Small Image","スモールイメージ"
"Sort","並べ替え"
"Sort by color","色でソート"
"Sort order","商品表示順序"
"Special price to bottom","特別価格を最下部に表示"
"Special price to top","特別価格を最上部に表示"
"Specific Coupon","クーポンコード指定"
"Specified","選択した顧客セグメントのみ"
"SPOT and Subscription","すべて"
"SPOT Only","単品購入のみ"
"SPOT/Subscription","適用範囲"
"SPT","ネスレ　スペシャル.T    "
"Status","ステータス"
"Status Code","在庫状況表示コード"
"Status Name","在庫状況表示名"
"Stock display type","在庫状況表示"
"Stock management disabled","なし"
"Stock management enabled","あり"
"Stock shortage error","在庫エラー"
"STOCK STATUS - Stock Status Form","在庫情報 - 在庫状況表示"
"Stock Status form","在庫状況表示設定"
"Store","倉庫名・連絡先情報"
"Store Contact Information","連絡先情報保存"
"Store view selection","利用可能ショップ"
"Store View Specific Labels","販売サイト特有ラベル"
"STORES","各種設定"
"Subscriber","定期便会員  "
"Subscription - Machine Customer","定期便・頒布会 - 顧客保有マシン情報"
"Subscription - Machine Skus","定期便・頒布会 - アンバサダーマシン同送優先順位"
"Subscription - Replace Discontinued Products","定期便・頒布会 - 終売商品の置き換え"
"Subscription - Subscription Frequency","定期便・頒布会 - 定期便・頒布会お届け頻度"
"Subscription Categories","カテゴリー"
"Subscription Course Website","対象販売サイト"
"Subscription deliveries","適用配送回"
"Subscription Only","定期便・頒布会のみ"
"Sufficient Message","在庫ありメッセージ"
"Swatch Image","スウォッチイメージ"
"SYSTEM","システム管理"
"Tax Class","消費税種別"
"Taxable Goods","Taxable Goods"
"Template Content","テンプレートコンテンツ"
"Template Styles","テンプレートスタイル"
"Template Subject","テンプレート件名"
"Tentative Points Earned","使用ポイント"
"Threshold Qty","残りわずか閾値"
"Thumbnail","サムネイルイメージ"
"Times Used","クーポン使用回数"
"To","終了日"
"To Hour","適用終了時間"
"To Time","終了時刻"
"Tochigi","栃木県"
"Together","同梱（使用しない）"
"Tokushima","徳島県"
"Tokyo","東京都"
"Total before global adjustment","返品金額"
"Total order amount (Tax included, and after discount price) equals or greater than 300000","お支払合計金額は300,000円以内にしてください"
"Total to Return/Refund","最終返品金額"
"Tottori","鳥取県"
"Toyama","富山県"
"TOYO","TOYO在庫有無"
"Type","無償添付タイプ"
"Unit (EA/CS) in SAP","SAP登録単位"
"Unit of dimension","サイズ単位"
"Up-sells","アップセル"
"URL Key","URL Key"
"Usage limit enforced for logged in customers only.","ログインした顧客だけ制限が適用されます"
"Use All Available Attributes","利用可能全アトリビュート使用"
"Use Auto Generation","一括生成"
"Use Config Settings","コンフィグレーション設定を使用"
"Uses","クーポン使用有無"
"Uses per Coupon","クーポンの使用回数上限"
"Uses per Customer","顧客あたりのプロモーション適用回数上限"
"Vimeo supported. To add YouTube video, please enter YouTube API Key first.","　"
"Visibility","表示範囲"
"Visible In the Cart","添付商品のカートページ表示可否"
"Visible in the User Account","添付商品のユーザーアカウント表示可否"
"Visitors","ゲストのみ（使用しない）"
"Visitors and Registered Customers","すべて（使用しない）"
"Waiting","未同梱"
"Wakayama","和歌山県"
"WBS","WBSコード"
"WBS no. (For Sales)","WBS No.（売上計上）"
"WBS no. (Replacement)","WBS No.（代品交換経費）"
"WBS no. (Shopping Point Expenses)","WBS No.（ショッピングポイント経費）"
"Web Site","対象サイト"
"Websites","ウェブサイト"
"Wellness Ambassador Members","ウェルネスアンバサダー"
"Wellness Club Cat Members","ウェルネスクラブ（キャット）"
"Wellness Club Members","ウェルネスクラブ"
"Winner and Prize","直近同梱"
"Winning Date","当選日"
"WYSIWYG Editor","WYSIWYGエディタ"
"Yamagata","山形県"
"Yamaguchi","山口県"
"Yamanashi","山梨県"
"Zip/Postal Code","郵便番号(半角数字)"
"City","市"
"columns","表示項目選択"
"Columns","表示項目選択"
"Free Shipping","送料無料（SV承認後出荷指示）"
"Free shipping","送料無料（SV承認後出荷指示）"
"Not applicable","未保有"
"Not Applicable","適用しない"
"Postcode","郵便番号(半角数字)"
"PostCode","郵便番号(半角数字)"
"SKU","SKUまたは商品名"
"Sku","SKUまたは商品名"
"SKU code","対象SKUコード"
"SKU number","SKUまたは商品名番号"
"ZIP Code","郵便番号(半角数字)"
"ZIP code","郵便番号(半角数字)"
"Consumer is not authorized to access %Resources","ご注文を完了する前に、セッションタイムアウトまたはログアウトされました。お手数ですが、あらためてご注文いただきますようお願いいたします。"
"Please select at least one product from %s"," 最低1つ以上の%s商品の選択をするようお願い致します。"
"Please select at least one product from %1"," 最低1つ以上の%1商品の選択をするようお願い致します。"
"Sorry, but you have already subscribed to %1. If you would like to change the products or quantity, please access the subscription edit profile on the MyPage. If you have questions, please contact the call center.", "申し訳ございません。%1は既にお申込みいただいております。同%1の商品変更、数量変更を行うには、マイページの「次回の定期お届け便の注文内容を変更する 」より変更いただけますようお願い致します。お心当たりのない方は、コールセンターにお問合せください。"
"Subscription Course Change Frequency","お届け間隔の変更"
"Skip next delivery confirm","お休みの確認"
"Sorry, we could not save your modification because of the session time out. Please re-login and try it again.","申し訳ございません。セッションタイムアウトによりお客様のアカウントが自動的にログアウトされ、変更を承ることができませんでした。<br/>お手数ですが、再度ログインいただき、もう一度お試しください。"
"Please limit the total number of items you order at one time to 99 pieces or less","１度に注文する商品数の合計は99個以内にしてください。"
"Billing Title","【ご請求先】"
"Billing Postcode:","〒:"
"Billing Name %s %s","%s %s　様"
"Billing Telephone: %s","電話番号 : %s"
"Hanpukai course name","頒布会コース名"
"For changes to the addressee / payment method of Fragile & Chocolate Distribution (All three courses), please contact <a href=""%1"">Nestle Mail Order Call Center.</a>","「フラジール＆チョコ頒布会（全3回コース）」のお届け先・お支払い方法のご変更は、<a href=""%1"">ネスレ通販コールセンター</a>までお問合せください。"
"* This product will be available for a certain period of rest.","※この商品は一定期間お休み可能商品となります。"
"You can rest for a while.","までの間お休みすることができます。"
"It is possible to rest for a certain period","一定期間お休み可能"
"[During the holiday]","【お休み中】"
"* This product is a seasonal item.","※この商品は季節限定商品となります。"
"The delivery will be skipped.","までの間配送がお休みされます。"
"Delivery will be restarted from","より配送が再開します。"
"Seasonal limited","季節限定"
"Outside the course","コース外"
"Profile has only SPOT item. You must add at least one subscription item","定期お届け便コースの対象商品をご選択ください。"
"* Because you can not do deal with your credit card used last time, you can not change the order now.<br/>Sorry for your inconvenience but please update your card information from <a href=""%1"">here</a>.","※カード有効期限切れなどの理由で前回ご使用のクレジットカードでお取引ができないため、現在ご注文内容をご変更いただけません。お手数ですが<a href=""%1"">こちら</a>からカード情報を更新してください。"
"Please enter card information from the Go to Enter Card Information on the next page","次ページの “カード情報の入力へ進む” からカード情報を入力ください"
"Change order contents","ご注文内容変更"
"Confirm change contents","ご変更内容確認"
"Card information input","カード情報入力"
"Change complete","ご変更完了"
"Nestle Call Center: 0120-600-868","ネスレ通販コールセンター：0120－600－868"
"Nescafe Ambassador Call Center: 0120-252-166","ネスカフェ アンバサダー ウェルカムセンター：0120-252-166"
"Nestle Wellness Ambassador Call Center: 0120-070-838","ネスレ ウェルネス アンバサダー コールセンター：0120-070-838"
"Points to remember about credit card with debit function","【デビット機能付きクレジットカードについてのご留意事項】"
"Credit card with debit function will be withdrawn when card information is entered.~","デビット機能付きのクレジットカードについては、カード情報を入力した時点で引き落としされます。そのため、<u>カード情報の入力後にお手続きを中止された場合でも一旦引き落としとなりますが、一定時間経過後に自動的にその与信はキャンセルされ、ご返金となります</u>ので、ご留意いただけますようよろしくお願い申し上げます。"
"Generate the next order","受注変換する"
"Update All Changes","すべて更新"
"Disengage Subscription","解約する"
"Disengage Without Penalty Fee","ペナルティ代金無しで解約"
"Add Penalty Fee","ペナルティ代金を請求して解約"
"Earning Points Settings:","ポイント設定:"
"Earn points on orders","定期便にポイント付与する"
"Modification method","更新方法"
"Change only this delivery","このお届け回のみ更新"
"Change for all next deliveries","以降のお届けすべて更新"
"Add Additional Product","別カテゴリーの商品の追加"
"Add Product To Subscription","定期便商品追加"
"Add Spot Product","スポット商品追加"
"Edit Sales Count","旧EC返品時数量調整"
"Change payment method","与信エラー・支払い方法変更"
"Ongoing","継続中"
"Disengaged","解約済"
"* This also applies after this delivery number.","※このお届け回以降にも適用されます。"
"Apply to all next deliveries","このお届け回以降も同様に変更します"
"Please select one of the options.","いずれかのオプションを選択してください。"
"Available From <span>%s</span> - To <span>%s</span>","次回のお届け日は、<span>%s</span>から<span>%s</span>の間でご変更いただくことが可能です。"
"About Selectable Date","お届け日時変更について"
"Delivery schedule day after next:","次々回お届け予定日："
"Since ""We will only change this delivery world."" Has been selected, the scheduled delivery date will not be changed the next time. If it is not convenient for you, please select ""I will change this after the delivery number as well.""","<span class='sp1'>「このお届け回のみ変更します。」</span>を選択されておりますので、次々回お届け予定日は変更されません。　ご都合が悪い場合は<span class='sp2'>「このお届け回以降も同様に変更します。」</span>を選択してください。"
"Next delivery request date and time:","次回お届け希望日時："
"Original next delivery request date and time:","次々回お届け予定日時："
"%1-%2-%3","%1年%2月%3日"
"Please click the button %1 at the bottom of the screen to complete the change.","画面下の %1 ボタンをクリックして変更を完了してください。"
"Delivery date specified has been changed.","選択可能なお届け指定日が変更されました。"
"Applied coupon code","利用予定のクーポン"
"Applied coupon code:","利用予定クーポン："
"COD Fee","お支払い手数料（税込）"
"Please select your desired machine and product","ご希望のマシンと商品を選んでください"
"There are something wrong in the system. Please re-try again.","システムエラーが発生しました。お手数ですが、もう一度やり直してください。"
"The selected product is not allowed to buy with Stock Point.","恐れ入りますが、こちらの商品はECORAKU便でお届けできません。"
"Remove Stock Point Service","MACHI ECO便の利用をやめる"
"StockPoint web service","MACHI ECO便を利用する"
"Stock Point is not allowed for these products [%s].Please remove them from cart before you choose to deliver with Stock Point.","恐れ入りますが、[%s]はMACHI ECO便でのお届けができません。通常のお届け方法をお選びください。"
"Sorry, MACHI ECO flights can not be used with the items you purchase / payment method.","恐れ入りますが、お買い求めの商品・お支払方法では、MACHI ECO便をご利用いただけません。"
"Stock Point temporarily added. please click ""Confirm Changes"" button to add actually","MACHI ECO便 の選択ありがとうございます。「次へ進む」ボタンをクリックして、変更を確定してください。"
"(No longer support)","(ご選択いただけません)"
"Delivery nick name","お届け先"
"The replace operation wasn't successful, `delivery_type` in target SKU must be the same","この置き換えは失敗しました。配送種別は同じである必要があります。"
"Credit card with","デビット機能付きのクレジットカードについては、カード情報を入力した時点で引き落としされます。そのため"
"debit function will be withdrawn","カード情報の入力後にお手続きを中止された場合でも一旦引き落としとなりますが、一定時間経過後に自動的にその与信はキャンセルされ、ご返金となります"
"when card information is entered.~","ので、ご留意いただけますようよろしくお願い申し上げます。"
"You will need to select one or more machines for this scheduled flight.", "この定期便ではマシンを1台以上選択いただく必要があります。"
"In order to rent this machine, you must purchase some products from %1", "このマシンをレンタルするには、 %1 から商品を購入してください。"
"In this subscription you need choose machine at least one machine.", "この定期便ではマシンを1台以上選択いただく必要があります。"
"Each machine type, you are able to choose one product only.", "各マシンタイプ毎に選択できるマシンは1つだけです。"
"Hanpukai Plan", "お届け予定情報"
"Hanpukai List", "頒布会のお届け予定"
"There are something wrong via the system. Please contact our call center for helping.","こちらのキャンペーンでは現在商品をご購入いただくことができません。"
"We are sorry that you don't have any subscription profiles meet the conditions to buy those products","こちらの商品は、現在ご購入いただくことができません。別の商品をお選び下さい。"
"You can check the price for subscription in confirmation page.","最終価格につきましては、内容変更確認画面でご確認いただけます。"
"%1 is already included in the selected subscription profile. If you want to change quantity, please change it from mypage.","%1は既にご指定の定期お届け便に含まれております。%1 以外の製品を追加ください。"
"Your profile amount is under %1 threshold so you cannot make the change, please add more product","合計金額が最低ご購入金額の%1円を下回っています。他の商品も追加いただくか、本商品の数量を変更してください。"
"There are no subscription profiles for regular flights covered by this campaign.","本キャンペーンの対象となる定期便のご契約がございません。"
"Regular flight cancellation form", "定期便解約フォーム"
"Regular flights currently under contract", "現在ご契約中の定期便"
"Subscription course name","定期便"
"Subscription course code","定期便コード"
"Profile next delivery date","次回お届け予定日"
"Profile next of next delivery date","次々回お届け予定日"
"Cancellation Conditions","解約条件"
"It is necessary to continue more than %1 times","%1回以上のご継続が必要です"
"Can not disengage","解約できません"
"Able to disengage","解約可能"
"Precautions", "注意事項"
"Please confirm the following precautions and press Next","以下注意事項をご確認いただき、「次へ」を押してください。"
"I agree to all of the following","以下すべてに同意する"
"For cancellation notification, please contact the person who made the order.","ご解約のご連絡については、ご注文者本人からお願いいたします。"
"Customers are responsible for returning coffee machines and tools that need to be returned.","返却が必要なコーヒーマシンやツールは、お客様負担でご返却をお願いしております。"
"If you subscribe to the scheduled delivery service, the free repair period of the machine is up to 5 years from the date of purchase of the machine, but this will be done when the scheduled delivery service is cancelled. Please note that the warranty extension will expire.","「定期お届け便」にご加入いただいた場合、マシンの無料修理期間はマシンのお買い上げ日から最長5年間とさせていただいておりますが、「定期お届け便」を解約された時点で本保証延長は失効いたしますので、ご了承ください"
"Next Step", "次へ"
"Previous Step","戻る"
"Please tell me the reason for canceling the regular flight.","定期便を解約する理由を教えてください。"
"Disengagement Profile","解約する"
"The cancellation procedure of the following regular flights has been completed.","以下定期便の解約手続きが完了しました。"
"If you have a coffee machine or other tool that needs to be returned, we will send you a guide to the address specified separately.","ご返却が必要なコーヒーマシンやそのほかのツールをお持ちの方へは、別途送付先として指定されている住所にご案内をお送りいたします。"
"A confirmation message has been sent to your registered email address.","ご登録されているメールアドレスに、確認のメッセージをお送りしました。"
"Thank you for using it.","ご利用ありがとうございました。"
"Disengagement date","解約日"
"You can not cancel this profile", "こちらのフォームからは解約できません"
"Current disengagement date", "解約日"
"Profile final delivery","最終お届け分"
"Regular flights to cancel", "解約する定期便"
"Regular flight cancellation questionnaire","定期便解約アンケート"
"The cancellation is not complete yet","※まだ解約は完了していません"
"If you have a machine or tool that needs to be returned, please enter the type and number of machines and tools (mandatory, multiple answers)","返却が必要なマシンやツールをお持ちの方は、マシンやツールの種類と台数をご記入ください（必須・複数回答）"
"Please tell me the reason for canceling the regular flight. (Multiple answers allowed) * Required items","定期便を解約する理由を教えてください。（複数回答可）※必須項目"
"This operation can not be restored","※この操作はもとに戻せません。"
"Disengagement question title", "質問:"
"The number of orders for the selected regular flight is less than the specified number"," 選択した定期便の受注回数が規定の回数を下回っています。"
"Payment method, card information, shipping address, delivery date, delivery product", "お支払方法/カード情報・お届け先・お届け日・お届け商品"
"An error in disengagement profile", "解放プロファイルのエラー"
"Profile does not exist.", "プロファイルが存在しません。"
"Profile :%1 does not exist.","プロファイル%1は存在しません"
"Please select a reason for cancellation.","解約理由を選択してください。"
"There are not any active reasons","積極的な理由はありません"
"Please select the target machine.","対象のマシンを選択してください。"
"You can not disengage HANPUKAI profile", "あなたはHANPUKAIプロフィールを外すことができません"
"This profile :%1 already disengaged","このプロファイル：%1既に解除されています"
"The product %product have been selected over %quantity quantity for purchasing.", "%productの数量が購入上限数量%quantityを超えています。数量を%quantity以下に変更してご購入下さい。"
"Sorry, but you cannot subscribe %1, because you already subscribed other subscription course in the past.","申し訳ございません。お客様は過去に他の定期便にお申込みいただいているため、%1にはお申し込みいただけません。"
"Search subscription product by category button","カテゴリーから商品を探す"
"Profile ID","プロファイルID"
"Delivery Times of Subscription","累積お届け回数（返品・キャンセル・荷別れ受注省く）"
"Waiting for out-of-stock delivery","入荷待ち欠品情報"
"Times Of Cancel Order","キャンセル・返品　回数"
"Times of Subscription Order","当該プロファイルの受注作成回数"
"Course","定期便名"
"Course ID","コースID"
"Course Code","定期便コード"
"Accumulated value","累計購入数"
"Accumulated purchase amount","累計購入金額"
"Order total minimum amount threshold","最低購入金額"
"Order total maximum amount threshold","最大購入金額"
"Maximum Qty Restriction","最大購入数量"
"Terms of use","利用条件"
SUSPICIOUS,―
CANCELED,キャンセル
PENDING_CC,―
NOT_SHIPPED,出荷準備中
IN_PROCESSING,出荷中
PARTIALLY_SHIPPED,一部出荷
SHIPPED_ALL,出荷済み
PENDING_NP,NP審査待ち
COMPLETE,配送完了
COMPLETE_STOCKPOINT,StockPoint配達済
PENDING_CVS,入金待ち
"PROCESSING_CANCELED","キャンセル"
"PENDING_FOR_MACHINE","交通系電子マネー決済手続中"
Hold - CVS cancellation without payment,キャンセル
"Hold - CVS cancellation without payment ","キャンセル"
"CVS cancellation with payment - To refund","キャンセル"
Created,出荷準備中
Exported to WMS,出荷中
Canceled,キャンセル
Shipped Out,出荷済み
Delivery Completed,配送完了
Rejected,返品
Nestle amuse has a lot of content for you to get nestle coints. These coins can be easily used to apply for campaigns in Nestle Amuse.,ネスレアミューズではネスレコインを獲得できるコンテンツを多数ご用意しています。貯まったコインで、豪華賞品等が当たるキャンペーンに簡単にご応募いただけます。
"Minimum order amount is %1 yen","この定期便の最低購入金額は%1円です"
"Please select %1 of %2","%2から最低%1個購入必須"
"%1 cannot be purchased on your scheduled regular course %2. Please choose another product.","%1 は、お客様のご契約されている定期便コース %2 では、ご購入いただくことができません。別の商品をお選び下さい。"
"To add %1, please change your payment method for your scheduled subscription course %2 to a credit card","%1 を追加するには、お客様のご契約されている定期便コース %2 の支払い方法をクレジットカードに変更してください"
"Add to next scheduled delivery","次回の定期お届け便に追加"
"Please select a course to add products","商品を追加するコースをお選びください"
"There are no scheduled flights for this campaign.","本キャンペーンの対象となる定期便のご契約がございません。"
"Request Data is missing","システムエラーが発生しました。お手数ですがもう一度お願いいたします。"
"Sectime is missing","システムエラーが発生しました。お手数ですがもう一度お願いいたします。"
"Landing page not found. Please try again","システムエラーが発生しました。お手数ですがもう一度お願いいたします。"
"The request has expired","システムエラーが発生しました。お手数ですがもう一度お願いいたします。"
"Invalid signature","システムエラーが発生しました。お手数ですがもう一度お願いいたします。"
"There are no products to process.","システムエラーが発生しました。お手数ですがもう一度お願いいたします。"
"Landing page id is required.","システムエラーが発生しました。お手数ですがもう一度お願いいたします。"
"The request data is invalid. Please try again","システムエラーが発生しました。お手数ですがもう一度お願いいたします。"
"Landing page not found. Please try again","システムエラーが発生しました。お手数ですがもう一度お願いいたします。"
"Consumer db id is not matched. Please try again","システムエラーが発生しました。お手数ですがもう一度お願いいたします。"
"Invalid Form Key. Please refresh the page.","無効なフォームのキーページを更新してください"
"Profile ID %1 no longer exists","システムエラーが発生しました。お手数ですがもう一度お願いいたします。"
"You need to add at least %1 products","最低%1個以上商品をお選びください"
"This subscription course do not allow change product","この定期お届け便では商品を変更できません"
"Maximum qty for each product is %1","各商品の最大購入数量は%1です"
"Profile is not belong to customer","お客さまがご契約中の定期お届け便ではありません"
"Cannot edit hanpukai profile","頒布会もしくはセット商品は変更できません"
"Product %1 quantity is invalid.","%1 の数量を変更してください"
"Product %1 is not saleable","%1 の在庫が不足しているため、購入できません"
"Product %1 is not enough stock","％1は在庫が不足しています。数量を変更してください"
"Terms of use","利用条件"